{
  "project_info": {
    "project_number": "684689221918",
    "project_id": "ntutmap",
    "storage_bucket": "ntutmap.appspot.com"
  },
  "client": [
    {
      "client_info": {
        "mobilesdk_app_id": "1:684689221918:android:d7b9cb91b45252cf41010f",
        "android_client_info": {
          "package_name": "ntutifm.game.google"
        }
      },
      "oauth_client": [
        {
          "client_id": "684689221918-289l4vbat2uevdulg824hi2iaksngb6f.apps.googleusercontent.com",
          "client_type": 3
        }
      ],
      "api_key": [
        {
          "current_key": "AIzaSyB3JFb7--EWk7ZTTltVRPy6Y978ztuHoXs"
        }
      ],
      "services": {
        "appinvite_service": {
          "other_platform_oauth_client": [
            {
              "client_id": "684689221918-289l4vbat2uevdulg824hi2iaksngb6f.apps.googleusercontent.com",
              "client_type": 3
            }
          ]
        }
      }
    }
  ],
  "configuration_version": "1"
}